<?xml version="1.0" encoding="UTF-8"?>
<LightningComponentBundle xmlns="http://soap.sforce.com/2006/04/metadata">
    <apiVersion>51.0</apiVersion>
    
    <isExposed>true</isExposed>
    <targets>
        <target>lightning__AppPage</target>
        <target>lightning__RecordPage</target>
        <target>lightning__HomePage</target>
        <target>lightningCommunity__Default</target>
        <target>lightningCommunity__Page</target>
        <target>lightning__Tab</target>
        <target>lightning__Inbox</target>
    </targets>

<targetConfigs>   
        <targetConfig targets="lightning__HomePage,lightning__RecordPage">
            <property name="scale" type="String" default="weeks" label="Scale: (months or weeks or days or hours"/>
            <property name="maxScale" type="String" default="months" label="Maximum Scale: (months or weeks or days or hours)"/>
            <property name="minScale" type="String" default="weeks" label="Minimum Scale (months or weeks or days or hours)"/>

            <property name="itemsPerPage" type="Integer" default="10" label="Enter Items per page"/>
            <property name="scrollToToday" type="Boolean" default="true" label="Scroll to today?"/>

            <property name="navigate" type="String" default="scroll" label="Navigate (buttons orscroll )"/>

        </targetConfig>
 </targetConfigs>

</LightningComponentBundle>